"","subj","gender","acc_mem","acc_vis","acc_gdp","acc_cal","rt_mem","rt_vis","rt_gdp","rt_cal","avg_acc","avg_rt"
"1",1,"Feminin",0.886666666666667,0.708994708994709,0.736842105263158,0.725,1.90471349230315,1.33894395502647,1.96921591315783,2.03271184000007,0.764375870231133,1.81139630012188
"2",7,"Masculin",0.570469798657718,0.703517587939699,0.725274725274725,0.628865979381443,1.10883162807273,0.549115729648238,1.17965515384617,1.22052139175262,0.657032022813396,1.01453097582994
"3",5,"Feminin",0.862944162436548,0.728643216080402,0.697674418604651,0.691588785046729,1.51368839639056,1.16153954120609,1.25579438766395,1.41831715064454,0.745212645542083,1.33733486897628
"4",3,"Masculin",0.614213197969543,0.688442211055276,0.720930232558139,0.717647058823529,0.775477795247258,0.448078519598024,1.74008511668513,1.63694961836782,0.685308175101622,1.15014776247456
"5",8,"Masculin",0.876288659793814,0.731958762886598,0.681818181818182,0.725,1.40963474896909,1.11907420051546,1.64676761363637,1.90896401374998,0.753766401124649,1.52111014421772
"6",4,"Feminin",0.722826086956522,0.717948717948718,0.659574468085106,0.71264367816092,1.69256277771737,0.829486810256425,1.64000897548952,1.49929273492873,0.703248237787816,1.41533782459801
"7",2,"Feminin",0.766839378238342,0.732984293193717,0.67741935483871,0.807228915662651,1.79196913730569,0.99261932984296,1.96295629677421,2.12577719277108,0.746117985483355,1.71833048917349
"8",6,"Masculin",0.895104895104895,0.741573033707865,0.773584905660377,0.746478873239437,1.9368415083916,1.43546359719103,2.28198019053108,2.21717878503971,0.789185426928144,1.96786602028835
"9",15,"Masculin",0.720670391061452,0.724489795918367,0.702380952380952,0.753086419753086,1.72332993938416,0.99808456173469,2.08974687151188,1.97441242244489,0.725156889778465,1.69639344876891
"10",12,"Feminin",0.769230769230769,0.725274725274725,0.779220779220779,0.794871794871795,1.91725076758242,0.893429602197824,2.00167203636364,2.07046221794875,0.767149517149517,1.72070365602316
"11",10,"Feminin",0.805,0.721649484536082,0.755813953488372,0.728260869565217,1.06340169449999,0.690274288659765,1.77394620720866,1.76353451085642,0.752681076897418,1.32278917530621
"12",9,"Feminin",0.597938144329897,0.72020725388601,0.703296703296703,0.683544303797468,1.52497373902566,0.879953548704688,1.85004867204775,1.26016503794534,0.67624660132752,1.37878524943086
"13",16,"Feminin",0.790575916230366,0.712121212121212,0.663157894736842,0.722772277227723,1.86660403926698,0.9371275020202,1.48498389280955,1.66295576278399,0.722156825079036,1.48791779922018
"14",13,"Feminin",0.864661654135338,0.725,0.732394366197183,0.746268656716418,2.09874220087609,1.377318720625,2.06879643098589,1.87229473582082,0.767081169262235,1.85428802207695
"15",17,"Masculin",0.772222222222222,0.675257731958763,0.72972972972973,0.7,1.82434706948958,0.690856601030904,1.42046423246945,1.59941698579758,0.719302420977679,1.38377122219688
"16",14,"Feminin",0.884422110552764,0.730569948186529,0.75,0.725,1.37868364723618,0.764349280829029,1.82511903947375,1.80612872499998,0.772498014684823,1.44357017313473
"17",11,"Masculin",0.881987577639752,0.698492462311558,0.7,0.746478873239437,1.57938266907941,1.13252895125627,2.19228276891671,1.96552139620515,0.756739728297686,1.71742894636439
"18",19,"Feminin",0.775510204081633,0.707070707070707,0.75531914893617,0.67,1.27808414849479,0.672846746464639,1.57371156489359,1.28547109399998,0.726975015022127,1.20252838846325
"19",29,"Feminin",0.650306748466258,0.73224043715847,0.716049382716049,0.714285714285714,1.40663795377285,0.992265530601128,1.94258984523227,1.77423048217944,0.703220570656623,1.52893095294642
"20",32,"Masculin",0.576530612244898,0.717171717171717,0.753246753246753,0.75,1.34263749795917,0.856504051010112,1.78991476493509,1.64156335000004,0.699237270665842,1.4076549159761
"21",20,"Feminin",0.904040404040404,0.747474747474748,0.669902912621359,0.776315789473684,1.057155870202,0.660017169191897,1.35600511844655,1.85745773947366,0.774433463402549,1.23265897432853
"22",23,"Feminin",0.880952380952381,0.723618090452261,0.815384615384615,0.796610169491525,2.32278270675634,1.05390455326629,1.91775810962049,1.97566316968997,0.804141314070196,1.81752713483327
"23",18,"Masculin",0.784615384615385,0.685279187817259,0.648148148148148,0.616279069767442,1.19856025743591,1.23498832538077,1.32392146184659,1.59819295109122,0.683580447587058,1.33891574893862
"24",24,"Masculin",0.948717948717949,0.722222222222222,0.742268041237113,0.71830985915493,1.29449981948719,1.30665157474749,1.60469162164955,1.92598583239442,0.782879517833053,1.53295721206966
"25",31,"Masculin",0.769736842105263,0.723076923076923,0.679611650485437,0.702380952380952,2.00360824248459,1.17926766358973,1.4756367932039,1.67555497738098,0.718701592012144,1.5835169191648
"26",21,"Feminin",0.710382513661202,0.730569948186529,0.706666666666667,0.71830985915493,1.99886104917492,0.916143849222778,2.21953252154499,2.11555206816441,0.716482246917332,1.81252237202678
"27",30,"Feminin",0.798913043478261,0.699453551912568,0.769230769230769,0.733333333333333,1.2550053652174,0.881219519672108,1.75394536373626,1.69473267200005,0.750232674488733,1.39622573015645
"28",26,"Masculin",0.73469387755102,0.722222222222222,0.701149425287356,0.833333333333333,1.58155749438772,1.25829260656564,2.07232960344826,1.95592661944445,0.747849714598483,1.71702658096152
"29",25,"Masculin",0.84472049689441,0.717171717171717,0.696629213483146,0.781609195402299,1.89938086906943,0.964812939393959,1.93652758426967,1.97794860919538,0.760032655737893,1.69466750048211
"30",22,"Masculin",0.915151515151515,0.747422680412371,0.757575757575758,0.767123287671233,1.66485039575757,1.32804355154639,1.75140966023247,2.37732295812525,0.796818310202719,1.78040664141542
"31",27,"Feminin",0.769230769230769,0.712820512820513,0.555555555555556,0.823529411764706,2.42933883884148,1.04590609282049,2.55193984515888,2.32688909681677,0.715284062342886,2.08851846840941
"32",41,"Masculin",0.832402234636871,0.725,0.704081632653061,0.707070707070707,1.2303743985167,0.565090045500006,1.01384295364248,0.885500230796659,0.74213864359016,0.92370190711396
"33",34,"Feminin",0.715,0.743718592964824,0.701149425287356,0.689320388349515,1.20678978599998,0.666759467839194,1.68526526687266,1.70128035192943,0.712297101650424,1.31502371816032
"34",35,"Feminin",0.883870967741936,0.634517766497462,0.743243243243243,0.694736842105263,1.68386567380709,0.824523026903555,2.13012696900593,1.87679705350568,0.739092204896976,1.62882818080556
"35",42,"Masculin",0.751295336787565,0.697435897435897,0.638888888888889,0.662921348314607,1.34306523212433,0.981830656410232,1.01129641142296,1.20820503767235,0.687635367856739,1.13609933440747
"36",39,"Masculin",0.606217616580311,0.770408163265306,0.653465346534653,0.696629213483146,1.14466436651111,0.639448138265286,1.458299384734,1.3524661697795,0.681680084965854,1.14871951482247
"37",33,"Feminin",0.605263157894737,0.738693467336683,0.701923076923077,0.722222222222222,1.61256228339413,0.634509595477342,1.53877290391951,1.75333549355922,0.69202548109418,1.38479506908755
"38",40,"Feminin",0.795811518324607,0.718592964824121,0.738095238095238,0.75,1.6246299010471,0.626421397487409,2.09358941317445,2.12914271753561,0.750624930310992,1.61844585731114
"39",28,"Feminin",0.564766839378238,0.760204081632653,0.776119402985075,0.758064516129032,0.888604210880898,0.930323648469395,2.13810363023642,2.04628897423703,0.71478871003125,1.50083011595594
"40",37,"Feminin",0.851282051282051,0.693877551020408,0.709090909090909,0.76056338028169,1.52233471484474,0.807407685204098,2.20045235090911,1.91072681690142,0.753703472918765,1.61023039196484
"41",36,"Masculin",0.854838709677419,0.721052631578947,0.830508474576271,0.76056338028169,1.52944822096776,1.25031182947369,1.85109672372887,1.69937859436624,0.791740799028582,1.58255884213414
"42",38,"Masculin",0.931937172774869,0.708542713567839,0.75,0.680851063829787,1.32560833246074,0.750995603517589,1.91641421477274,1.69523675744677,0.767832737543124,1.42206372704946
"43",50,"Masculin",0.666666666666667,0.722222222222222,0.69,0.727272727272727,1.56115602000004,0.746744195454528,1.99030652600002,2.18304802597406,0.701540404040404,1.62031369185716
"44",47,"Masculin",0.700564971751412,0.732323232323232,0.746666666666667,0.711864406779661,1.78207979166413,1.11653573030303,1.73438846730976,2.48587447411866,0.722854819380243,1.7797196158489
"45",49,"Masculin",0.907103825136612,0.72,0.771084337349398,0.655172413793103,1.52084159980663,0.947577918999982,2.29934728313254,1.61738418965518,0.763340144069778,1.59628774789858
"46",48,"Masculin",0.748663101604278,0.712820512820513,0.74390243902439,0.744444444444444,1.45119915561498,0.799667862564089,1.80193180487806,1.40955652666664,0.737457624473406,1.36558883743094
"47",45,"Feminin",0.673366834170854,0.715736040609137,0.733333333333333,0.726190476190476,1.177405558799,0.613059018274146,1.56678341924165,1.41588179891583,0.71215667107595,1.19328244880766
"48",46,"Feminin",0.893854748603352,0.729166666666667,0.805194805194805,0.7375,1.63769146256983,0.891784868229183,1.87069228837967,1.89683906310368,0.791429055116206,1.57425192057059
"49",52,"Masculin",0.724489795918367,0.71356783919598,0.729411764705882,0.72,1.5365320836735,1.02458289497489,1.80004175018564,1.51541463034678,0.721867349955057,1.4691428397952
"50",44,"Feminin",0.721590909090909,0.70391061452514,0.674418604651163,0.727272727272727,1.59879784204548,0.973478622346346,1.56235808255816,1.83212136363637,0.706798213884985,1.49168897764659
"51",43,"Feminin",0.59047619047619,0.731182795698925,0.717647058823529,0.830769230769231,2.00880426235052,1.26236758064517,1.54159129647051,1.91657687846148,0.717518818941969,1.68233500448192
"52",57,"Feminin",0.769230769230769,0.738693467336683,0.731707317073171,0.698630136986301,1.45377080934374,0.942035423115565,1.97359745687695,1.81621741204997,0.734565422656731,1.54640527534656
"53",54,"Feminin",0.875647668393782,0.723618090452261,0.666666666666667,0.739130434782609,1.54009697357514,1.15689820854273,1.94681908461536,1.99456161304349,0.75126571507383,1.65959396994418
"54",51,"Feminin",0.826815642458101,0.751322751322751,0.8,0.761904761904762,1.77288664429779,1.2834804089947,2.11708094183795,2.23694220694006,0.785010788921403,1.85259755051763
"55",62,"Feminin",0.676767676767677,0.706806282722513,0.739130434782609,0.723404255319149,1.22829956414142,0.987569801047121,1.73307448804348,1.55913316808511,0.711527162397987,1.37701925532928
"56",67,"Feminin",0.664948453608247,0.743718592964824,0.702127659574468,0.724137931034483,1.11982679460059,0.661251001005014,1.33655552553185,1.61131011379303,0.708733159295506,1.18223585873262
"57",69,"Feminin",0.828947368421053,0.768844221105528,0.73015873015873,0.775862068965517,1.77441458947844,0.943197483417062,2.26445875155039,1.85047371647923,0.775953097162707,1.70813613523128
"58",68,"Feminin",0.857142857142857,0.72,0.681818181818182,0.714285714285714,1.45879765153064,0.678948947000005,2.03763620227278,1.77896107448982,0.743311688311688,1.48858596882331
"59",64,"Feminin",0.724324324324324,0.71830985915493,0.698630136986301,0.734375,1.52831557675678,0.837761980985921,1.61789298298068,1.4973601175003,0.718909830116389,1.37033266455592
"60",60,"Feminin",0.872448979591837,0.714285714285714,0.684684684684685,0.753246753246753,1.32920200000004,0.872945918367357,1.18829645855856,1.72542994805194,0.756166532952247,1.27896858124448
"61",58,"Feminin",0.938144329896907,0.697435897435897,0.763157894736842,0.752808988764045,1.55261238298971,0.780690549743602,2.02186817498969,1.77273353522008,0.787886777708423,1.53197616073577
"62",66,"Feminin",0.875,0.713541666666667,0.670731707317073,0.720930232558139,1.6655347581522,0.875751338020843,1.58621562195125,1.44467510465116,0.74505090163547,1.39304420569386
"63",63,"Feminin",0.777777777777778,0.715789473684211,0.727272727272727,0.866666666666667,1.84527307890463,1.03167044578949,2.51676017498753,2.72075732064601,0.771876661350346,2.02861525508191
"64",55,"Feminin",0.847715736040609,0.737373737373737,0.710280373831776,0.710843373493976,1.36326734069974,0.742690755555539,1.63668992616816,1.41675721927706,0.751553305185025,1.28985131042513
"65",65,"Feminin",0.826530612244898,0.720812182741117,0.603448275862069,0.8,1.33537305654007,0.751482054822329,2.19351154078694,2.06388272652467,0.737697767712021,1.5860623446685
"66",56,"Feminin",0.837696335078534,0.715736040609137,0.779661016949153,0.790123456790123,1.72496056963353,0.754065361421329,2.17404052881355,1.81383317160493,0.780804212356737,1.61672490786833
"67",61,"Feminin",0.677083333333333,0.701570680628272,0.67741935483871,0.730337078651685,1.09893250297035,0.586534140837674,1.62878526344077,1.36341929887641,0.696602611863,1.1694178015313
"68",75,"Masculin",0.791878172588833,0.728643216080402,0.702127659574468,0.688888888888889,1.35211517773258,0.691649321608037,1.44378596202599,1.38349605944954,0.727884484283148,1.21776163020404
"69",77,"Masculin",0.677966101694915,0.712121212121212,0.642857142857143,0.74390243902439,1.49611580551496,0.742976691919193,0.991045608163223,1.37761587804877,0.694211723924415,1.15193849591154
"70",70,"Masculin",0.829145728643216,0.706185567010309,0.704545454545455,0.682692307692308,1.16571880150754,0.603421896907211,1.70947271362385,1.63578107672299,0.730642264472822,1.2785986221904
"71",78,"Masculin",0.869346733668342,0.738219895287958,0.716049382716049,0.71264367816092,1.22767317236181,0.786026669633516,1.58138105925933,1.47567149999999,0.759064922458317,1.26768810031366
"72",79,"Feminin",0.612021857923497,0.770833333333333,0.621951219512195,0.72289156626506,1.61867132482277,0.84540414322916,1.74538615731706,1.54120247349396,0.681924494258522,1.43766602471574
"73",72,"Masculin",0.893401015228426,0.704663212435233,0.709677419354839,0.675,1.50973915431469,1.18029858031091,1.9234919795699,1.89043532624997,0.745685411754625,1.62599126011137
"74",83,"Masculin",0.869565217391304,0.719387755102041,0.708333333333333,0.741573033707865,1.55308345227246,0.979805130101999,1.73143507050313,1.90200521673824,0.759714834883636,1.54158221740396
"75",82,"Feminin",0.804020100502513,0.717171717171717,0.779411764705882,0.795454545454545,1.21262231557793,0.632339438383827,2.01470962671455,2.5553106330871,0.774014531958664,1.60374550344085
"76",84,"Masculin",0.72680412371134,0.715736040609137,0.709302325581395,0.732558139534884,1.54110634175256,1.25478529746193,1.71398167674412,1.75632726279064,0.721100157359189,1.56655014468732
"77",74,"Feminin",0.74468085106383,0.671957671957672,0.731707317073171,0.742857142857143,1.42218903457451,0.653810171428574,1.86060938048779,1.4747228,0.722800745737954,1.35283284662272
"78",71,"Feminin",0.867088607594937,0.712820512820513,0.684931506849315,0.734375,2.09048648510317,1.41551390512825,2.19697355140808,2.28063271453233,0.749803906816191,1.99590166404296
"79",76,"Masculin",0.827380952380952,0.700507614213198,0.710843373493976,0.765432098765432,1.6143613708333,1.48033287360407,2.20716582335138,2.17568179128195,0.751041009713389,1.86938546476768
"80",80,"Masculin",0.808510638297872,0.710526315789474,0.7,0.791208791208791,1.60487217234039,0.935206887894747,1.90190189571426,1.55213732747249,0.752561436324034,1.49852957085547
"81",73,"Feminin",0.798387096774194,0.715736040609137,0.746478873239437,0.695652173913043,2.08830987363439,1.02537037868019,2.09156283098589,1.66780560000013,0.739063546133953,1.71826217082515
"82",81,"Masculin",0.792899408284024,0.747422680412371,0.711340206185567,0.710526315789474,2.17976736094674,1.21130527938142,1.80531370349287,1.6076691993429,0.740547152667859,1.70101388579098
"83",88,"Masculin",0.549222797927461,0.702020202020202,0.740740740740741,0.705128205128205,0.914775663730548,0.97909996919192,1.51589285056016,1.81124306875605,0.674277986454152,1.30525288805967
"84",85,"Feminin",0.835365853658537,0.722513089005236,0.73015873015873,0.761194029850746,1.60083139201881,1.15228406544502,2.00323905873016,1.72002843731347,0.762307925668312,1.61909573837686
"85",86,"Masculin",0.872448979591837,0.691919191919192,0.695652173913043,0.718446601941748,1.43634155063896,0.857557081313143,1.2678267077953,1.12745272112413,0.744616736841455,1.17229451521789
"86",89,"Feminin",0.489247311827957,0.689119170984456,0.7,0.679012345679012,1.59544422563593,0.9745221626943,1.74296727621852,1.73099394458783,0.639344707122856,1.51098190228415
"87",91,"Feminin",0.863905325443787,0.706185567010309,0.717391304347826,0.743589743589744,1.88101228498371,1.01997231237112,2.34911089891307,1.78728873589746,0.757767985097916,1.75934605804134
"88",98,"Masculin",0.72972972972973,0.701030927835051,0.75,0.742857142857143,1.53327936162163,1.34828465463917,1.93594040250003,1.74901685,0.730904450105481,1.64163031719021
"89",99,"Masculin",0.698492462311558,0.735,0.670454545454545,0.716981132075472,1.55766614135848,0.937753582500036,1.78190880047863,2.06020596057829,0.705232034960394,1.58438362122886
"90",87,"Feminin",0.798969072164949,0.75,0.689189189189189,0.759493670886076,1.3761200139772,0.824395814285722,1.72829771306533,1.64624239545639,0.749412983060053,1.39376398419616
"91",94,"Masculin",0.886486486486487,0.722222222222222,0.630769230769231,0.844444444444444,1.79994837010152,0.835802725757607,2.21358506096573,2.39730691901943,0.770980595980596,1.81166076896107
"92",90,"Masculin",0.758823529411765,0.703125,0.772727272727273,0.75609756097561,1.7486301183756,0.863110130729162,1.89229026666671,1.99276494512197,0.747693340778662,1.62419886522336
"93",92,"Masculin",0.905325443786982,0.73469387755102,0.75,0.730769230769231,1.53061291301772,1.03052164999999,1.73174838636363,1.71502897051281,0.780197138026808,1.50197797997354
"94",101,"Feminin",0.718085106382979,0.69,0.698795180722892,0.688172043010753,1.85941689451331,1.06590739800003,1.85050400163427,1.86007993356375,0.698763082529156,1.65897705692784
"95",96,"Feminin",0.805,0.709183673469388,0.729166666666667,0.69047619047619,1.31151781750002,0.700288179591829,1.88339251770833,1.82311592857146,0.733456632653061,1.42957861084291
"96",93,"Masculin",0.719512195121951,0.690721649484536,0.741176470588235,0.767123287671233,1.88275881214492,0.79007949484535,1.94808093882349,1.94217253561647,0.729633400716489,1.64077294535756
"97",102,"Feminin",0.793478260869565,0.730569948186529,0.710526315789474,0.791666666666667,1.53069523804352,1.04289199792746,1.4085141644737,1.76925092083337,0.756560297878059,1.43783808031951
"98",95,"Feminin",0.771929824561403,0.72,0.617977528089888,0.784615384615385,1.86406337202256,0.760951652500012,1.71008092456237,1.89022173830211,0.723630684316669,1.55632942184676
"99",109,"Feminin",0.85,0.69,0.711111111111111,0.727272727272727,1.02048355433655,0.664156486999991,1.74268808666662,1.90158107272721,0.74459595959596,1.33222730018259
"100",97,"Masculin",0.891566265060241,0.711340206185567,0.721518987341772,0.720588235294118,1.76565768124872,1.27634629639174,2.1325756075949,2.27612867794125,0.761253423470424,1.86267706579415
"101",110,"Masculin",0.757731958762887,0.719387755102041,0.674157303370786,0.66,1.63434695360821,1.04691407959184,1.26711250898874,1.19885142699998,0.702819254308928,1.28680624229719
"102",107,"Feminin",0.722222222222222,0.717948717948718,0.704545454545455,0.75,2.39387808637979,1.12162924307694,2.06291478412369,2.25763740502053,0.723679098679099,1.95901487965024
"103",105,"Feminin",0.863013698630137,0.703296703296703,0.803921568627451,0.816666666666667,1.83298897566829,0.996995927472498,2.25400366909609,1.7918410165468,0.79672465930524,1.71895739719592
"104",100,"Feminin",0.857868020304569,0.701030927835051,0.666666666666667,0.711864406779661,1.25553470456847,0.962904511855655,2.14203127460151,1.90163310018291,0.734357505396487,1.56552589780214
"105",106,"Masculin",0.811428571428571,0.729591836734694,0.702380952380952,0.727272727272727,1.74060243314284,0.729394126530595,1.91479609166664,2.07535764805195,0.742668521954236,1.61503757484801
"106",104,"Feminin",0.793650793650794,0.755208333333333,0.762886597938144,0.715909090909091,1.27789326560846,1.07631926666667,1.81734685773197,1.68169432613639,0.756913703957841,1.46331342903587
"107",112,"Masculin",0.878787878787879,0.685279187817259,0.7,0.816901408450704,1.23736482424244,1.16594584670047,1.92406645522383,1.69411178655192,0.77024211876396,1.50537222817966
"108",116,"Masculin",0.695876288659794,0.685279187817259,0.766233766233766,0.685714285714286,1.27533301185567,0.839071707106613,1.88880292337664,1.60939513714288,0.708275882106276,1.40315069487045
"109",121,"Masculin",0.707865168539326,0.728643216080402,0.727272727272727,0.727272727272727,1.81853720795745,0.706518653768858,1.82499046363634,1.83478673636366,0.722763459791296,1.54620826543158
"110",113,"Feminin",0.778350515463918,0.717171717171717,0.710843373493976,0.789473684210526,1.32344906867685,0.883222644949492,1.7684026064463,2.05480905453946,0.748959822585034,1.50747084365302
"111",114,"Masculin",0.743455497382199,0.695187165775401,0.734177215189873,0.703703703703704,1.52936664607329,1.11941435454546,1.89161866582279,2.0965833802469,0.719130895512794,1.65924576167211
"112",118,"Feminin",0.873684210526316,0.687179487179487,0.780821917808219,0.702702702702703,1.77758690000002,0.888512718974328,2.3018749512529,2.00598597544399,0.761097079554181,1.74349013641781
"113",111,"Feminin",0.772020725388601,0.711340206185567,0.721518987341772,0.734042553191489,1.74896969860845,0.977094302577281,2.21006094206435,1.90075021683156,0.734730618026857,1.70921879002041
"114",115,"Feminin",0.763636363636364,0.726315789473684,0.670731707317073,0.791044776119403,1.77357863636363,1.22415068473688,1.91761114999999,1.94426255820899,0.737932159136631,1.71490075732737
"115",124,"Feminin",0.723958333333333,0.727272727272727,0.746666666666667,0.738636363636364,1.76823278788484,0.658055694444409,2.26130127406453,1.78479743962038,0.734133522727273,1.61809679900354
"116",122,"Masculin",0.869565217391304,0.702564102564103,0.788732394366197,0.789473684210526,1.84650932224306,1.40532441692306,2.0693210746479,1.84164779342108,0.787583849633033,1.79070065180877
"117",125,"Masculin",0.817258883248731,0.732323232323232,0.683673469387755,0.811764705882353,1.29339745786798,0.787283320707056,1.99212188788589,1.88560335916165,0.761255072710518,1.48960150640564
"118",119,"Masculin",0.788659793814433,0.727748691099476,0.708860759493671,0.76,1.83550655344552,0.87250698324603,1.87457516527724,2.3351661639233,0.746317311101895,1.72943871647302
"119",117,"Feminin",0.793650793650794,0.71356783919598,0.698630136986301,0.771428571428571,1.67375137854127,0.908148934673367,2.3854197536554,2.11786780689846,0.744319335315412,1.77129696844212
"120",120,"Masculin",0.831395348837209,0.698924731182796,0.768115942028985,0.697368421052632,1.86939851627906,1.6260577473118,2.01020533623187,2.12415380131578,0.748951110775406,1.90745385028463
"121",130,"Masculin",0.904255319148936,0.715,0.736842105263158,0.721649484536082,1.2558315866763,0.885201077500046,1.26652264219887,1.54804374501199,0.769436727237044,1.2388997628468
"122",123,"Masculin",0.611111111111111,0.721052631578947,0.717647058823529,0.72289156626506,1.77272317055556,1.08757448210525,2.0450061517647,1.7502544048192,0.693175591944662,1.66388955231118
"123",133,"Feminin",0.668367346938776,0.694736842105263,0.725274725274725,0.791666666666667,1.05614853469387,0.828366597894752,1.83423721318681,1.49318571527774,0.720011395246358,1.30298451526329
"124",132,"Feminin",0.889570552147239,0.694736842105263,0.818181818181818,0.757142857142857,1.76864019657966,0.813694559473645,2.16957646660831,1.78592017414118,0.789908017394295,1.6344578492007
"125",126,"Feminin",0.823204419889503,0.705,0.71264367816092,0.663461538461538,1.76196128936853,0.764853686000006,1.62917448073144,1.33119440688723,0.72607740912799,1.3717959657468
"126",134,"Masculin",0.801047120418848,0.698979591836735,0.772727272727273,0.886363636363636,1.55013036446963,1.06490056938774,1.6955879757577,2.41919855681834,0.789779405336623,1.68245436660835
"127",128,"Masculin",0.831578947368421,0.721649484536082,0.65979381443299,0.7,1.3809626581493,0.951031813402059,1.80869378556701,1.72747120124999,0.728255561584373,1.46703986459209
"128",129,"Feminin",0.829896907216495,0.694300518134715,0.697674418604651,0.846153846153846,1.48138918195878,0.951718993782388,2.18100418953487,2.38710717307696,0.767006422527427,1.75030488458825
"129",136,"Feminin",0.822222222222222,0.73469387755102,0.774193548387097,0.784313725490196,1.79072723996049,1.04219896020413,2.12937698650197,2.39877577491212,0.778855843412634,1.84026974039468
"130",137,"Feminin",0.755,0.733668341708543,0.78125,0.76,1.28126606499994,0.997708074371828,2.19495198158928,1.88620236815375,0.757479585427136,1.5900321222787
"131",139,"Feminin",0.782383419689119,0.714285714285714,0.702380952380952,0.746987951807229,1.6816281321243,0.866334844897948,1.69058713095243,1.83588179277112,0.736509509540754,1.51860797518645
"132",135,"Masculin",0.838709677419355,0.718085106382979,0.642857142857143,0.757575757575758,1.58890442043013,1.39646738510639,2.12788442285715,2.37943978939391,0.739306921058809,1.8731740044469
"133",138,"Masculin",0.705128205128205,0.71356783919598,0.662650602409639,0.729411764705882,2.00968407791839,0.730284306532694,1.94528727156302,1.8933821351309,0.702689602859927,1.64465944778625
"134",140,"Masculin",0.82741116751269,0.72,0.727272727272727,0.73469387755102,1.30960111303554,0.664317392500002,1.31981709545452,1.58616913877551,0.75234444308411,1.21997618494139
"135",141,"Masculin",0.66839378238342,0.703517587939699,0.712871287128713,0.712121212121212,1.60749035284972,1.11178931507536,1.83451279801979,2.15895050454544,0.699225967393261,1.67818574262258
"136",145,"Masculin",0.801020408163265,0.724489795918367,0.71264367816092,0.714285714285714,1.63488819540818,1.07550687857144,1.88857480804596,1.97365920000003,0.738109899132067,1.6431572705064
"137",144,"Masculin",0.841059602649007,0.691099476439791,0.686567164179104,0.82,2.03309680987213,1.34202918638745,2.25536691189008,2.16394844516317,0.759681560816975,1.94861033832821
"138",146,"Feminin",0.732954545454545,0.715,0.693181818181818,0.727272727272727,1.79530505327035,0.846299706499981,1.6849319465909,1.86314989494952,0.717102272727273,1.54742165032769
"139",143,"Masculin",0.848837209302326,0.710526315789474,0.693333333333333,0.761904761904762,1.70768960174418,1.48904396684211,2.07188297652008,2.18247493843456,0.753650405082474,1.86277287088523
"140",142,"Masculin",0.661616161616162,0.723618090452261,0.71875,0.719512195121951,1.20857008636349,0.638275184924585,1.52204337127927,1.78456845292768,0.705874111797594,1.28836427387376
"141",151,"Masculin",0.805128205128205,0.7,0.670103092783505,0.736263736263736,1.25144939846153,1.0699989275,1.37476487731963,1.52730494285718,0.727873758543862,1.30587953653458
"142",149,"Feminin",0.875647668393782,0.685,0.758620689655172,0.76,1.49749897409322,0.960991908000042,2.01301603457565,2.12048065098943,0.769817089512239,1.64799689191458
"143",152,"Masculin",0.78735632183908,0.727272727272727,0.694117647058824,0.712871287128713,1.73293827920876,0.824989968686875,1.79577701999998,1.73489609702969,0.730404495824836,1.52215034123133
"144",153,"Feminin",0.884210526315789,0.709183673469388,0.741573033707865,0.715909090909091,1.64722894894736,0.878928970408176,1.95764845056182,1.50401497727274,0.762719081100533,1.49695533679753
"145",148,"Feminin",0.86,0.704081632653061,0.7625,0.759259259259259,2.09012205209293,0.888448590816296,1.83397964403263,2.37719391010014,0.77146022297808,1.7974360492605
"146",147,"Feminin",0.745762711864407,0.722513089005236,0.772727272727273,0.851063829787234,1.98369381751415,1.53885171937172,2.2823365772728,2.37688963404257,0.773016725846037,2.04544293705031
"147",150,"Feminin",0.879310344827586,0.725806451612903,0.726027397260274,0.757575757575758,2.20526870431035,1.25614858118283,1.79665162114888,1.92104796894334,0.77217998781913,1.79477921889635
"148",158,"Masculin",0.765957446808511,0.732323232323232,0.703703703703704,0.811764705882353,1.61876085699391,1.07355398080808,1.78278778024691,1.7883058494117,0.75343727217945,1.56585211686515
"149",160,"Feminin",0.729591836734694,0.72,0.815384615384615,0.712121212121212,1.52788713717518,1.083664968,2.52028335898845,2.10341843660213,0.74427441606013,1.80881347519144
"150",154,"Feminin",0.828729281767956,0.708542713567839,0.733333333333333,0.653846153846154,1.80856186801376,0.929679449246249,2.09265802763045,2.04360777136099,0.731112870628821,1.71862677906286
"151",161,"Masculin",0.730337078651685,0.718592964824121,0.743243243243243,0.662790697674419,1.92590314831457,0.842669088442206,2.0291680542587,1.94176041705716,0.713740996098367,1.68487517701816
"152",159,"Masculin",0.915343915343915,0.714285714285714,0.72289156626506,0.794520547945205,1.6022045851852,1.42152415934068,2.29118875542171,2.28534608219178,0.786760435959974,1.90006589553484
"153",155,"Feminin",0.889447236180904,0.705583756345178,0.73972602739726,0.6625,1.23963897788946,0.697841023857873,2.20897431770415,1.7187431267491,0.749314254980836,1.46629936155015
"154",157,"Masculin",0.808510638297872,0.704301075268817,0.695121951219512,0.722222222222222,1.61005297659575,0.860593233870998,1.78696318902441,1.8210568541667,0.732538971752106,1.51966656341446
"155",156,"Feminin",0.795031055900621,0.693877551020408,0.695652173913043,0.826086956521739,1.71874493932471,1.02456104081633,2.10526601149294,2.29247211336289,0.752661934338953,1.78526102624922
"156",163,"Masculin",0.738636363636364,0.744565217391304,0.651162790697674,0.761904761904762,1.87755251988635,1.27384329021739,1.53257426976747,1.85373475595229,0.724067283407526,1.63442620895588
"157",164,"Feminin",0.736263736263736,0.715736040609137,0.753086419753086,0.72,1.49915931611013,0.600408818781752,1.95370247901233,1.79182118800003,0.73127154915649,1.46127295047606
"158",166,"Masculin",0.815028901734104,0.698979591836735,0.75,0.710144927536232,1.65760946584212,1.08647265612246,1.56287252812495,2.2000559521739,0.743538355276768,1.62675265056586
"159",162,"Masculin",0.808743169398907,0.700507614213198,0.659090909090909,0.763157894736842,1.57053568823263,0.839985939593931,1.48031507954544,1.34302819736838,0.732874896859964,1.3084662261851
"160",172,"Masculin",0.733668341708543,0.753768844221106,0.689655172413793,0.680412371134021,0.989562257601095,0.703094661306594,1.59587170759992,1.26311725153941,0.714376182369366,1.13791146951176
"161",168,"Feminin",0.757062146892655,0.703703703703704,0.829268292682927,0.714285714285714,1.71062605430752,0.999329771957669,1.80654442176242,1.83186078426901,0.75107996439125,1.58709025807416
"162",170,"Feminin",0.78125,0.728205128205128,0.677777777777778,0.741176470588235,1.82776428310171,0.947464106666634,1.89342167333334,1.62125564470595,0.732102344142785,1.57247642695191
"163",171,"Masculin",0.625668449197861,0.717171717171717,0.72,0.721311475409836,1.50362156951872,1.29455929797981,2.37598367800001,1.98110502295078,0.696037910444854,1.78881739211233
"164",174,"Masculin",0.763440860215054,0.705583756345178,0.747252747252747,0.703703703703704,1.70900193012465,0.715143476142108,1.75574891974051,1.5208654774168,0.729995266879171,1.42518995085602
"165",173,"Masculin",0.839572192513369,0.737704918032787,0.743243243243243,0.682926829268293,1.66318667112295,1.1680963830601,2.02567505850654,1.93599121164245,0.750861795764423,1.69823733108301
"166",165,"Feminin",0.791878172588833,0.738461538461539,0.692307692307692,0.759036144578313,1.39554589289336,0.655572385641067,2.3214179858975,1.7780723,0.745420886984094,1.53765214110798
"167",169,"Masculin",0.760416666666667,0.696335078534031,0.729166666666667,0.714285714285714,1.28591987187506,0.900573367539299,1.54387660729163,1.64515759880956,0.72505103153827,1.34388186137889
"168",179,"Masculin",0.778894472361809,0.698492462311558,0.766355140186916,0.696629213483146,1.16425822462311,0.588403029648241,1.1717849302477,1.3328424487807,0.735092822085857,1.06432215832494
"169",181,"Masculin",0.702564102564103,0.762626262626263,0.703296703296703,0.696969696969697,1.5367032969231,0.992749092424244,1.91009352197797,1.84442416262631,0.716364191364191,1.57099251848791
"170",177,"Masculin",0.78804347826087,0.711340206185567,0.654320987654321,0.765432098765432,1.68986630040542,1.02272759484535,1.85932237283952,1.8716487691358,0.729784192716547,1.61089125930652
"171",176,"Feminin",0.857142857142857,0.716494845360825,0.719512195121951,0.670731707317073,1.83642224136733,1.24663834381439,2.07796750365848,2.00598037560971,0.740970401235677,1.79175211611248
"172",178,"Feminin",0.707070707070707,0.708542713567839,0.704545454545455,0.715789473684211,1.65571735519965,1.32800608241209,1.74774052565028,1.91303729994226,0.708987087217053,1.66112531580107
"173",188,"Masculin",0.598930481283422,0.741116751269036,0.785714285714286,0.6875,1.15984547251115,0.599745619796963,1.60210599047619,1.42920921666664,0.703315379566686,1.19772657486274
"174",193,"Feminin",0.711111111111111,0.738219895287958,0.790322580645161,0.755555555555556,1.89278955555557,1.24612823350783,1.91719450483875,1.53495935888888,0.748802285649947,1.64776791319776
"175",190,"Feminin",0.764044943820225,0.727272727272727,0.717391304347826,0.746031746031746,1.86495392059358,1.2285607328283,2.55492210889138,2.30789375366086,0.738685180368131,1.98908262899353
"176",185,"Feminin",0.78,0.73,0.698924731182796,0.732673267326733,1.26466035350001,0.444110941999979,1.53263621892055,1.56859154505251,0.735399499627382,1.20249976486826
"177",182,"Masculin",0.691860465116279,0.744897959183674,0.76,0.708860759493671,1.76710229492992,1.32958497448979,2.03868479866667,1.66121488860757,0.726404795948406,1.69914673917349
"178",187,"Masculin",0.666666666666667,0.719387755102041,0.623529411764706,0.666666666666667,1.45354920312502,0.679222089285724,1.60854695882352,1.55980606000003,0.66906262505002,1.32528107780858
"179",184,"Masculin",0.787564766839378,0.702020202020202,0.722772277227723,0.741935483870968,1.36324078646384,0.686068032323272,1.48221536513205,1.12458062424097,0.738573182489568,1.16402620204003
"180",192,"Feminin",0.758426966292135,0.744791666666667,0.743589743589744,0.791666666666667,1.57107652687359,0.704231313541688,1.7191542876278,2.11666066991671,0.759618760803803,1.52778069948995
"181",189,"Feminin",0.73469387755102,0.692708333333333,0.682692307692308,0.75,1.51597031637642,0.744138111979187,1.08006184013791,1.17918709207198,0.715023629644165,1.12983934014137
"182",183,"Feminin",0.854054054054054,0.707865168539326,0.777777777777778,0.793103448275862,1.64892459783783,1.33786106235954,2.23950987619043,2.15888257241383,0.783200112161755,1.84629452720041
"183",195,"Masculin",0.644736842105263,0.727272727272727,0.840909090909091,0.702127659574468,1.71602482828947,0.712028038383854,2.16964555454546,2.5036942446808,0.728761579965387,1.7753481664749
"184",191,"Feminin",0.865591397849462,0.727272727272727,0.923076923076923,0.692307692307692,1.51845186075267,0.689341316577531,1.85560832060001,1.7561998015664,0.802062185126701,1.45490032487415
"185",196,"Masculin",0.686486486486486,0.721649484536082,0.814285714285714,0.768115942028985,1.71798964491105,0.885561376288713,1.89584519869417,1.82562142045967,0.747634406834317,1.5812544100884
"186",186,"Feminin",0.880434782608696,0.724867724867725,0.679012345679012,0.75531914893617,1.42188552245941,1.05088627671958,1.94687273465433,1.9447006290295,0.759908500522901,1.59108629071571
"187",180,"Feminin",0.766839378238342,0.73469387755102,0.76056338028169,0.734177215189873,1.54553055863183,0.801762485204062,2.28960945591537,2.03976492730403,0.749068462815232,1.66916685676382
"188",197,"Feminin",0.739130434782609,0.727748691099476,0.67948717948718,0.772727272727273,1.75746641793479,1.1964426209424,1.96630363176119,1.75052155612643,0.729773394524134,1.6676835566912
"189",194,"Masculin",0.827814569536424,0.757894736842105,0.80327868852459,0.710526315789474,1.77311595104652,0.91714730631578,2.06238412459019,1.72729175263156,0.774878577673148,1.61998478364601
"190",201,"Feminin",0.710659898477157,0.697435897435897,0.722222222222222,0.759493670886076,1.07921396142132,0.670346047692303,1.42873005777773,1.71550127848105,0.722452922255338,1.2234478363431
"191",204,"Feminin",0.796703296703297,0.712820512820513,0.723684210526316,0.766666666666667,1.51879580568821,0.749808041025642,1.95417087958819,1.75264088618725,0.749968671679198,1.49385390312232
"192",206,"Masculin",0.851063829787234,0.709183673469388,0.719101123595506,0.726315789473684,1.35549296102831,1.1451162673469,1.64274997078647,1.23893362210526,0.751416104081453,1.34557320531674
"193",198,"Masculin",0.827225130890052,0.732323232323232,0.75609756097561,0.696078431372549,1.75755767700851,0.839024121717167,1.98808947058483,1.69594598217157,0.752931088890361,1.57015431287052
"194",202,"Feminin",0.776041666666667,0.712820512820513,0.680412371134021,0.69620253164557,1.52463116979167,1.17657583128205,1.72826532886599,1.72638586202535,0.716369270566692,1.53896454799126
"195",210,"Feminin",0.698924731182796,0.730964467005076,0.758620689655172,0.676767676767677,1.69706000031242,0.798717789847735,1.5564117858161,1.44833677462134,0.71631939115268,1.3751315876494
"196",200,"Feminin",0.830687830687831,0.709183673469388,0.670454545454545,0.736263736263736,1.53947545061059,0.963556391836737,1.41467480000006,1.46010778571422,0.736647446468875,1.3444536070404
"197",205,"Feminin",0.909090909090909,0.74,0.706521739130435,0.790123456790123,1.31147401868686,0.760720478499998,1.49835364565217,1.95824689135803,0.786434026252867,1.38219875854926
"198",199,"Masculin",0.703517587939699,0.712121212121212,0.783505154639175,0.730337078651685,1.34445439296483,0.78454021060605,1.90932216471667,1.78513121080217,0.732370258337943,1.45586199477243
"199",209,"Masculin",0.879581151832461,0.735,0.811764705882353,0.894736842105263,1.6310804023333,1.13626328650001,1.95008878593959,2.23397654598216,0.830270674955019,1.73785225518877
"200",203,"Masculin",0.92258064516129,0.690721649484536,0.8,0.709677419354839,1.84014202193546,1.01676888505158,2.29420957950324,1.81949121689641,0.780744928500166,1.74265292584667
"201",208,"Feminin",0.836734693877551,0.708542713567839,0.714285714285714,0.709677419354839,1.45061537752247,1.15822823668339,1.98325081712325,1.72893734889977,0.742310135271486,1.58025794505722
"202",207,"Masculin",0.679775280898876,0.725274725274725,0.743243243243243,0.661538461538462,1.66196896685393,1.17660167692309,2.24374091351343,2.0438199276923,0.702457927738827,1.78153287124569
"203",211,"Feminin",0.879396984924623,0.72,0.739583333333333,0.742268041237113,0.971183011055295,0.64155126550002,1.38281917812499,1.16891887938148,0.770312089873767,1.04111808351544
"204",213,"Masculin",0.948717948717949,0.732142857142857,0.725,0.717948717948718,1.37449916666664,1.37130590535714,1.84131061375002,1.97023366410254,0.780952380952381,1.63933733746909
"205",219,"Feminin",0.868686868686869,0.675824175824176,0.734939759036145,0.673267326732673,1.26805321616158,1.0531198065934,1.71676582168679,1.55070785841587,0.738179532569966,1.39716167571441
"206",220,"Masculin",0.796791443850267,0.708542713567839,0.807228915662651,0.686746987951807,1.53546096725567,1.07572889597986,1.60561443997455,2.03825157889555,0.749827515258141,1.56376397052641
"207",215,"Feminin",0.884422110552764,0.705583756345178,0.680555555555556,0.682352941176471,1.1217298633166,0.999700690355277,2.02003607034048,1.89358102153797,0.738228590907492,1.50876191138758
"208",217,"Masculin",0.541237113402062,0.729591836734694,0.75,0.7,0.829430031958741,0.644703138775535,1.85383149270835,1.53477592999997,0.680207237534189,1.21568514836065
"209",218,"Masculin",0.713414634146341,0.707070707070707,0.71875,0.740740740740741,1.89234126068778,0.954578036868725,1.86062682604162,1.89564006049384,0.719994020489447,1.65079654602299
"210",216,"Feminin",0.691011235955056,0.721649484536082,0.683544303797468,0.712328767123288,1.99280124910126,1.03566170051541,2.03012801410327,1.95182081585989,0.702133447852974,1.75260294489496
"211",227,"Feminin",0.776041666666667,0.71,0.728571428571429,0.728395061728395,1.30294743333332,0.8976788235,1.96086964899551,1.83962385230634,0.735752039241623,1.50027993953379
"212",226,"Feminin",0.73936170212766,0.699481865284974,0.666666666666667,0.742424242424242,1.47374782260297,1.03404471813482,1.80442766014102,2.02223436970565,0.711983619125886,1.58361364264612
"213",225,"Masculin",0.938888888888889,0.746113989637306,0.788461538461538,0.72463768115942,1.63204698055609,0.695971063211551,2.04221779807743,2.21147865072366,0.799525524536788,1.64542862314218
"214",229,"Feminin",0.779487179487179,0.728205128205128,0.697674418604651,0.744186046511628,1.51932033794876,1.09321839282048,1.77367402093024,1.9224940186047,0.737388193202147,1.57717669257604
"215",230,"Feminin",0.645833333333333,0.718592964824121,0.702702702702703,0.777777777777778,1.61612931093753,0.873352478391971,2.53975562051358,1.95554313883476,0.711226694659484,1.74619513716946
"216",222,"Masculin",0.849397590361446,0.715,0.710843373493976,0.701754385964912,1.97788968818933,0.997620899499998,1.71584044659661,2.33564738151311,0.744248837455084,1.75674960394976
"217",231,"Feminin",0.83695652173913,0.706806282722513,0.754098360655738,0.773809523809524,1.90577512513855,1.06462884450269,2.15917282622952,1.99942830714284,0.767917672231726,1.7822512757534
"218",228,"Feminin",0.805194805194805,0.730964467005076,0.794520547945205,0.818181818181818,1.90533042806988,1.11755829898474,1.7401002018498,1.65450982233418,0.787215409581726,1.60437468780965
"219",221,"Feminin",0.814207650273224,0.73015873015873,0.691358024691358,0.863636363636364,1.69748799617485,1.15125081058202,2.04806293834303,2.15710559496724,0.774840192189919,1.76347683501679
"220",224,"Feminin",0.885542168674699,0.724489795918367,0.649350649350649,0.802631578947368,1.84478333071555,1.02398823826532,2.22486684285715,2.24209036578943,0.765503548222771,1.83393219440686
"221",232,"Feminin",0.740540540540541,0.71957671957672,0.666666666666667,0.773333333333333,1.79707307591964,0.774710634391152,1.85679204165197,1.58137938242153,0.725029315029315,1.50248878359607
"222",233,"Feminin",0.817708333333333,0.720430107526882,0.656716417910448,0.746666666666667,1.25600302135429,0.654145095699375,1.83348207007082,1.748692829275,0.735380381359332,1.37308075409987
"223",223,"Feminin",0.770833333333333,0.739795918367347,0.724137931034483,0.720930232558139,1.61989548906249,1.05490819693878,1.98377394252873,1.60208161511624,0.738924353823326,1.56516481091156
"224",212,"Feminin",0.5,0.737704918032787,0.74025974025974,0.803571428571429,1.82353918707657,1.29338686120221,1.91160809350651,2.18837503928557,0.695384021715989,1.80422729526772
"225",235,"Masculin",0.507936507936508,0.732323232323232,0.709302325581395,0.696428571428571,0.558447407829665,0.653083368686867,1.0689252718638,0.817619707564773,0.661497659317427,0.774518938986275
"226",242,"Feminin",0.852631578947368,0.681818181818182,0.71875,0.707865168539326,1.41344074093675,1.30895591010099,1.55069223958332,1.83374421685386,0.740266232326219,1.52670827686873
"227",240,"Masculin",0.774566473988439,0.686868686868687,0.79746835443038,0.731182795698925,1.82678862057619,0.70883177878788,1.94767759963928,1.69478247758046,0.747521577746608,1.54452011914595
"228",236,"Feminin",0.740112994350282,0.727748691099476,0.734042553191489,0.752941176470588,1.76795926564258,0.803237603141335,1.84121687765964,1.56424548941167,0.738711353777959,1.49416480896381
"229",237,"Masculin",0.623115577889447,0.731958762886598,0.681818181818182,0.726315789473684,1.00553849056778,1.13492851804122,1.72200819204541,1.87634204526314,0.690802078016978,1.43470431147939
"230",241,"Feminin",0.780612244897959,0.757731958762887,0.706521739130435,0.827160493827161,1.62823777295916,1.40264006958763,1.8458721054348,1.4352464814814,0.76800660915461,1.57799910736575
"231",244,"Masculin",0.814207650273224,0.71356783919598,0.661971830985915,0.741573033707865,1.85324023310453,1.10389876432163,2.50276579492485,1.943654017038,0.732830088540746,1.85088970234725
"232",239,"Feminin",0.678756476683938,0.714285714285714,0.72972972972973,0.736111111111111,1.79111939170983,1.21055339751555,2.11074055608797,1.94325698334564,0.714720757952623,1.76391758216475
"233",243,"Masculin",0.712328767123288,0.740740740740741,0.767441860465116,0.823529411764706,2.12822861780823,1.26280976666665,2.23137696046507,2.03581847254907,0.761010195023463,1.91455845437225
"234",234,"Feminin",0.839285714285714,0.714285714285714,0.705128205128205,0.633802816901408,1.86338580025935,0.873844330102039,1.9179441214145,1.68391291824378,0.723125612650261,1.58477179250492
"235",238,"Feminin",0.75,0.757575757575758,0.662790697674419,0.775510204081633,1.35095571920588,0.87204834393943,1.26575798874063,1.45764367007054,0.736469164832952,1.23660143048912
"236",255,"Masculin",0.551546391752577,0.723076923076923,0.673913043478261,0.773809523809524,0.928213126804153,0.800360829230771,1.20290525108691,1.22890813095238,0.680586470529321,1.04009683451855
"237",253,"Masculin",0.72020725388601,0.722222222222222,0.64367816091954,0.724489795918367,1.52847402590676,0.717455401515168,1.40776798735632,1.42437292346934,0.702649358236535,1.2695175845619
"238",254,"Masculin",0.747311827956989,0.730964467005076,0.726190476190476,0.711340206185567,1.56935711216636,0.840869536548224,1.67468555476193,1.61319135979389,0.728951744334527,1.4245258908176
"239",249,"Masculin",0.659685863874346,0.729591836734694,0.813953488372093,0.654761904761905,1.37764431623037,0.729910376020394,1.36617108255816,1.58528342976186,0.714498273435759,1.2647523011427
"240",248,"Feminin",0.798969072164949,0.720812182741117,0.721649484536082,0.74468085106383,1.52790703645069,1.02958245939089,1.32393408247421,1.35270362340423,0.746527897626494,1.30853180043
"241",250,"Feminin",0.755681818181818,0.72,0.63855421686747,0.723684210526316,1.78742000976956,0.957533386499995,1.57782453299932,1.90500054836419,0.709480061393901,1.55694461940826
"242",245,"Masculin",0.64804469273743,0.71,0.71875,0.6875,1.51737181117322,1.0159314865,1.69203873613385,2.20272987371183,0.691073673184358,1.60701797687973
"243",252,"Feminin",0.763975155279503,0.735751295336788,0.676470588235294,0.736842105263158,1.64610098419415,0.918942425906716,1.73295793245666,1.69631270048936,0.728259786028686,1.49857851076172
"244",256,"Feminin",0.79144385026738,0.722222222222222,0.717948717948718,0.763440860215054,1.80962490032589,0.860570070707062,1.69263582686686,1.48721834600459,0.748763912663343,1.4625122859761
"245",246,"Masculin",0.895604395604396,0.698979591836735,0.784810126582278,0.630434782608696,1.517797506179,1.05748943928571,1.7588503447919,1.85903563447194,0.752457224158026,1.54829323118214
"246",247,"Masculin",0.820987654320988,0.679347826086957,0.676923076923077,0.75609756097561,1.8676423802469,1.49005130000001,2.0801426461538,1.74849833902434,0.733339029576658,1.79658366635626
"247",258,"Feminin",0.795698924731183,0.739795918367347,0.659574468085106,0.717948717948718,1.66578957510441,1.02509620102042,1.69628548011949,2.04944036990089,0.728254507283088,1.6091529065363
"248",257,"Feminin",0.804469273743017,0.71356783919598,0.746268656716418,0.76271186440678,1.60352092793297,0.793217466331665,1.89487193596282,1.69593837084317,0.756754408515549,1.49688717526766
"249",263,"Feminin",0.758241758241758,0.729166666666667,0.704081632653061,0.759493670886076,1.52940703186815,0.679480048437516,1.48417161801347,1.60572646432002,0.737745932111891,1.32469629065979
"250",259,"Feminin",0.717171717171717,0.748743718592965,0.657407407407407,0.793650793650794,1.09996799696974,0.810667596482418,1.44877999166671,1.85668556190473,0.729243409205721,1.3040252867559
"251",264,"Masculin",0.91875,0.723958333333333,0.719101123595506,0.837837837837838,1.56031242165178,1.22234615729168,1.52218985877216,1.41805799763923,0.799911823691669,1.43072660883871
"252",261,"Masculin",0.828729281767956,0.717171717171717,0.711340206185567,0.735294117647059,1.63719182154693,1.18440922929293,1.60293407422678,2.1165062014706,0.748133830693075,1.63526033163431
"253",265,"Masculin",0.791139240506329,0.71978021978022,0.716417910447761,0.80952380952381,1.95854751962025,1.24022350934065,2.10174471791042,2.26945996190476,0.75921529506453,1.89249392719402
"254",262,"Feminin",0.904191616766467,0.707182320441989,0.846153846153846,0.788461538461538,1.75865879908529,1.04742673756904,2.74516561478707,2.27516023175139,0.81149733045596,1.9566028457982
"255",260,"Feminin",0.869109947643979,0.701570680628272,0.709302325581395,0.736263736263736,1.41168857496788,1.06848682565449,1.83102404302318,2.06093899999999,0.754061672529346,1.59303461091139
"256",266,"Feminin",0.794285714285714,0.732620320855615,0.692307692307692,0.746478873239437,1.48967426051026,0.873011872727303,1.90756250520361,1.54857143530578,0.741423150172115,1.45470501843674
"257",267,"Masculin",0.60752688172043,0.710227272727273,0.76056338028169,0.753246753246753,1.79494069408605,1.20374279602274,2.19528871971833,2.01726366103896,0.707891071994037,1.80280896771652
"258",268,"Masculin",0.66304347826087,0.691919191919192,0.74468085106383,0.743589743589744,1.50176391065981,0.82298323989896,1.42152365257173,1.45162422270038,0.710808316208409,1.29947375645772
"259",269,"Masculin",0.912820512820513,0.720812182741117,0.8,0.739130434782609,1.22353956923079,0.730343339086296,2.04271282275307,1.95093335776527,0.79319078258606,1.48688227220886
"260",276,"Masculin",0.71195652173913,0.743718592964824,0.680851063829787,0.701923076923077,1.5262855284985,0.545431554773904,0.923251211702123,0.769263516346218,0.709612313864205,0.941057952830186
"261",271,"Feminin",0.840425531914894,0.697297297297297,0.658227848101266,0.75,1.45019306503706,0.640064793513512,1.98716424174304,2.35464142846425,0.736487669328364,1.60801588218947
"262",273,"Feminin",0.875,0.71505376344086,0.787878787878788,0.782608695652174,1.45496961684786,1.3202733795699,1.76250099393939,1.60052045217397,0.790135311742955,1.53456611063278
"263",270,"Masculin",0.649717514124294,0.719387755102041,0.734375,0.708333333333333,1.72415741168063,0.705176598469395,1.93975766221597,2.03655299543307,0.702953400639917,1.60141116694977
"264",274,"Feminin",0.902702702702703,0.72020725388601,0.733333333333333,0.75609756097561,1.41628970810809,1.13057329067361,1.65504946091381,1.38793141406658,0.778085212724414,1.39746096844052
"265",275,"Masculin",0.801418439716312,0.73224043715847,0.80327868852459,0.795454545454545,2.30261174964542,1.51852466721312,2.29345653987499,2.56286266266791,0.783098027713479,2.16936390485036
"266",277,"Masculin",0.75,0.711340206185567,0.622222222222222,0.721153846153846,1.46606311581636,0.916652038659795,0.726102257856787,0.700797068127984,0.701179068640409,0.952403620115232
"267",280,"Masculin",0.82312925170068,0.723958333333333,0.753424657534247,0.756756756756757,1.92185640430613,1.21538545000001,1.70612398775188,1.74973577944288,0.764317249831254,1.64827540537522
"268",279,"Masculin",0.818181818181818,0.720812182741117,0.787878787878788,0.702702702702703,1.50712863155083,1.20683818781729,2.16020506818173,2.10219324054053,0.757393872876106,1.74409128202259
"269",278,"Masculin",0.935672514619883,0.780612244897959,0.783783783783784,0.914893617021277,1.60512374678619,1.16704566530617,1.75220561891896,2.17020507021276,0.853740540080726,1.67364502530602
"270",285,"Masculin",0.647959183673469,0.730964467005076,0.711340206185567,0.75,1.16014232959178,0.685910044162479,1.54903806597936,1.44583431428578,0.710065964216028,1.21023118850485
"271",281,"Masculin",0.726315789473684,0.727272727272727,0.6875,0.788461538461538,1.56452087473683,1.07389277379684,1.75082840809999,2.30421473009669,0.732387513801988,1.67336419668259
"272",283,"Masculin",0.825396825396825,0.74468085106383,0.74025974025974,0.777777777777778,1.7565593703704,0.967742123936195,1.76520339870132,1.55434319222227,0.772028798624543,1.51096202130755
"273",284,"Feminin",0.743055555555556,0.743455497382199,0.72,0.77027027027027,2.02347238542125,1.41381664712042,2.01347091999996,1.74998306486489,0.744195330802006,1.80018575435163
"274",282,"Masculin",0.85,0.736040609137056,0.781818181818182,0.803571428571429,2.20303510797397,1.14930940304569,2.63706573237988,2.21352917997513,0.792857554881667,2.05073485584367
"275",286,"Masculin",0.851851851851852,0.704918032786885,0.686567164179104,0.793103448275862,1.66846790582016,1.41057612732238,1.8725383820896,2.02734170172411,0.759110124273426,1.74473102923906
"276",291,"Masculin",0.724324324324324,0.711340206185567,0.710843373493976,0.777777777777778,1.75140283828595,1.14042800721652,1.89304860352531,1.83080553760184,0.731071420445411,1.6539212466574
"277",289,"Feminin",0.855491329479769,0.736040609137056,0.604395604395604,0.726415094339623,1.55516746473989,1.0621240319797,0.603121256451591,0.998825067931485,0.730585659338013,1.05480945527567
"278",287,"Feminin",0.844559585492228,0.699481865284974,0.680555555555556,0.768421052631579,1.43842647835691,1.168242488601,1.91349121766478,1.96409091948724,0.748254514741084,1.62106277602748
"279",288,"Feminin",0.844444444444444,0.723618090452261,0.823529411764706,0.719512195121951,1.84990805636335,0.6701323557789,1.98507806842452,1.91167054842625,0.777776035445841,1.60419725724825
"280",293,"Feminin",0.781420765027322,0.698979591836735,0.769230769230769,0.789473684210526,1.62426823715842,1.23365624642855,2.05013468458409,2.32579745776419,0.759776202576338,1.80846415648381
"281",294,"Masculin",0.725388601036269,0.718592964824121,0.715789473684211,0.725490196078431,1.26926531212063,0.853838286934656,1.75488601280132,1.35539455525887,0.721315308905758,1.30834604177887
"282",292,"Feminin",0.722543352601156,0.712041884816754,0.783783783783784,0.710144927536232,1.99282485772851,0.98083453089004,2.16416738862131,2.13106063311684,0.732128487184481,1.81722185258918
"283",290,"Masculin",0.775147928994083,0.700507614213198,0.675324675324675,0.731182795698925,1.81733435939315,0.931403522335002,1.82104946919612,1.86063724977682,0.72054075355772,1.60760615017527
"284",305,"Masculin",0.725888324873096,0.725388601036269,0.736263736263736,0.836065573770492,1.21913866852791,0.823444188601106,1.80282667210477,1.92153258004119,0.755901558985899,1.44173552731874
"285",306,"Feminin",0.786885245901639,0.705,0.728260869565217,0.755555555555556,1.53503010383081,1.21593208900004,2.00057306295367,1.97888773706079,0.743925417755603,1.68260574821133
"286",300,"Feminin",0.899470899470899,0.72,0.708860759493671,0.741176470588235,1.67056173112281,0.657370705000058,1.90352031470324,1.94404596358261,0.767377032388201,1.54387467860218
"287",307,"Feminin",0.785,0.73,0.739130434782609,0.719101123595506,1.08808152787321,0.923708520999972,1.50903370024305,1.8071367053159,0.743307889594529,1.33199011360803
"288",302,"Masculin",0.784530386740331,0.722513089005236,0.708333333333333,0.771428571428571,1.75208796561144,1.23096509005237,1.75191126981588,1.89051102129944,0.746701345126868,1.65636883669478
"289",308,"Feminin",0.848167539267016,0.751295336787565,0.681318681318681,0.759615384615385,1.38847149591713,0.946207511398976,1.32704877091456,1.07579179530397,0.760099235497162,1.18437989338366
"290",296,"Feminin",0.754189944134078,0.696969696969697,0.67816091954023,0.717948717948718,1.47376741588198,0.658454607070707,1.58850151132777,1.57499658843473,0.711817319648181,1.3239300306788
"291",298,"Feminin",0.882978723404255,0.675392670157068,0.73469387755102,0.728260869565217,1.57681000251267,1.090804196335,1.51383120444533,1.50729462932844,0.75533153516939,1.42218500815536
"292",304,"Masculin",0.847133757961783,0.704081632653061,0.80952380952381,0.755102040816326,2.0172328164204,0.780029517857174,1.98286803130371,2.67982236482012,0.778960310238745,1.86498818260035
"293",303,"Masculin",0.75,0.736842105263158,0.734177215189873,0.709677419354839,1.55656547444447,1.36364517947367,2.07170422025315,2.27702592903232,0.732674184951968,1.8172352008009
"294",295,"Masculin",0.793103448275862,0.74496644295302,0.755555555555556,0.807692307692308,1.83093017135151,1.60698342013425,2.48541757410941,2.0730273422616,0.775329438619186,1.99908962696419
"295",299,"Feminin",0.794871794871795,0.693467336683417,0.701030927835051,0.758620689655172,1.36505973076924,0.860148567336708,1.67791966830628,1.51198985246449,0.736997687261359,1.35377945471918
"296",301,"Feminin",0.861111111111111,0.728723404255319,0.666666666666667,0.785714285714286,1.69029748111111,1.36025597553192,2.25321544117642,2.41159476071422,0.760553866936846,1.92884091463341
"297",320,"Feminin",0.791666666666667,0.73,0.651685393258427,0.762376237623762,1.60008420051966,0.864440041999998,1.41157721348313,1.66451077821783,0.733932074387214,1.38515305855515
"298",315,"Feminin",0.781725888324873,0.72680412371134,0.677083333333333,0.671232876712329,1.43321391528026,1.11759592474226,1.77478836854745,1.8749278175227,0.714211555520469,1.55013150652317
"299",311,"Feminin",0.744897959183674,0.740932642487047,0.785714285714286,0.80952380952381,1.24905240084302,0.812036015544043,2.32682472590295,2.09977403136182,0.770267174227204,1.62192179341296
"300",318,"Masculin",0.833333333333333,0.751269035532995,0.746987951807229,0.585714285714286,1.75548520991781,0.904093990862923,1.99918221063244,1.81936991807854,0.729326151596961,1.61953283237293
"301",312,"Feminin",0.74468085106383,0.707070707070707,0.774647887323944,0.666666666666667,1.77993440446302,1.22797459040409,2.32005800802204,2.08616952482305,0.723266528031287,1.85353413192805
"302",309,"Feminin",0.757731958762887,0.739884393063584,0.731958762886598,0.732558139534884,1.80571596958759,1.19451807456649,1.79381978762888,1.7105688139535,0.740533313561988,1.62615566143411
"303",321,"Feminin",0.74585635359116,0.696969696969697,0.747252747252747,0.786885245901639,1.87860414806632,1.12800321919191,1.93538771868127,1.89235559344264,0.744241010928811,1.70858766984553
"304",310,"Feminin",0.72680412371134,0.725388601036269,0.72972972972973,0.728395061728395,1.47912850326286,0.876345603108739,1.5099510396007,1.4041653735544,0.727579379051434,1.31739762988167
"305",316,"Masculin",0.730769230769231,0.718592964824121,0.764705882352941,0.852459016393443,1.67025652448611,1.18219963768843,1.82616992082842,1.78380959713938,0.766631773584934,1.61560892003558
"306",314,"Masculin",0.576923076923077,0.724489795918367,0.711111111111111,0.735632183908046,1.24312451555188,0.948642739795905,1.08889082669735,1.29288194073504,0.68703904196515,1.14338500569504
"307",313,"Masculin",0.754385964912281,0.728643216080402,0.714285714285714,0.7625,1.88945896134103,0.796034869849247,1.90698817976187,1.92351123124992,0.739953723819599,1.62899831055052
"308",317,"Feminin",0.781725888324873,0.723958333333333,0.609195402298851,0.775280898876405,1.39789351421319,0.730439429166668,1.90208430093079,1.66002665871514,0.722540130708365,1.42261097575645
"309",326,"Feminin",0.831578947368421,0.712121212121212,0.709677419354839,0.741573033707865,1.54271741939492,0.982726415151505,1.55652207311835,1.67643298651693,0.748737653138084,1.43959972354543
"310",319,"Feminin",0.853535353535353,0.739130434782609,0.72,0.704545454545455,1.36778958434345,0.862397769565237,1.39039605099993,1.19841981250001,0.754302810715854,1.20475080435216
"311",325,"Feminin",0.809278350515464,0.717171717171717,0.714285714285714,0.6875,0.929485733342219,0.602380001515133,1.06565300833051,1.12400061724048,0.732058945493224,0.930379840107084
"312",330,"Masculin",0.783505154639175,0.71,0.682926829268293,0.75,1.41443228036088,0.931016926000007,1.35079664186546,1.72190283470392,0.731607995976867,1.35453717073257
"313",327,"Masculin",0.730964467005076,0.715736040609137,0.802469135802469,0.67741935483871,1.39714637918782,1.10095154974619,1.87465590617281,2.13426516989247,0.731647249563848,1.62675475124982
"314",324,"Feminin",0.872727272727273,0.752577319587629,0.655172413793103,0.796610169491525,1.65521615997201,0.737156197938145,2.22108607711823,2.01018843044349,0.769271793899883,1.65591171636797
"315",323,"Feminin",0.724550898203593,0.708542713567839,0.754716981132076,0.789473684210526,1.74901889620383,0.828476152763787,2.31422935634485,1.94078377142839,0.744321069278508,1.70812704418521
"316",328,"Feminin",0.903225806451613,0.721052631578947,0.75,0.821428571428571,1.56329381803894,0.866644949473702,2.24740075207454,2.25881549928469,0.798926752364783,1.73403875471797
"317",329,"Feminin",0.833333333333333,0.717948717948718,0.715909090909091,0.767441860465116,1.57954586720429,0.8578372502564,1.71378193192288,1.73557330389591,0.758658250664065,1.47168458831987
